{
    "normals":[-0,-1,0,0,1,-0,1,0,0,-0,-1e-06,1,-1,-1e-06,-0,0,2e-06,-1],
    "name":"CubeGeometry",
    "vertices":[1,-0.1,-1,1,-0.1,1,-1,-0.1,1,-1,-0.1,-1,1,0.1,-0.999999,0.999999,0.1,1,-1,0.1,1,-1,0.1,-1],
    "metadata":{
        "normals":6,
        "vertices":8,
        "uvs":0,
        "version":3,
        "type":"Geometry",
        "faces":6,
        "generator":"io_three"
    },
    "uvs":[],
    "faces":[33,0,1,2,3,0,0,0,0,33,4,7,6,5,1,1,1,1,33,0,4,5,1,2,2,2,2,33,1,5,6,2,3,3,3,3,33,2,6,7,3,4,4,4,4,33,4,0,3,7,5,5,5,5]
}